case,ptsnet,tsnet,hammer
valve,6.099733591079712,729.4995551109314,53.85
burst,6.2291953563690186,711.7964460849762,41.66
pump,6.085606098175049,709.5119090080261,40.89